  ,video1 ,video2 ,video3 ,video4, video5
Heart rate ,120.200000 ,122.100000 ,122.800000 ,122.100000, 118.900000
fps_mean ,27.000000 ,27.000000 ,27.100000 ,26.500000, 26.000000
