  ,video1 ,video2 ,video3 ,video4, video5
Heart rate ,136.900000 ,136.800000 ,137.500000 ,138.000000, 138.400000
fps_mean ,26.900000 ,26.900000 ,27.000000 ,27.200000, 27.000000
