  ,video1 ,video2 ,video3 ,video4, video5
Heart rate ,101.000000 ,101.000000 ,100.800000 ,99.900000, 99.600000
fps_mean ,27.100000 ,26.800000 ,26.700000 ,26.700000, 26.600000
