  ,video1 ,video2 ,video3 ,video4, video5
Heart rate ,115.700000 ,114.400000 ,111.400000 ,109.800000, 110.300000
fps_mean ,26.800000 ,26.900000 ,26.600000 ,26.500000, 26.600000
