  ,video1 ,video2 ,video3 ,video4, video5
Heart rate ,93.800000 ,94.700000 ,97.000000 ,97.900000, 97.300000
fps_mean ,26.400000 ,25.900000 ,25.500000 ,25.500000, 25.700000
