  ,video1 ,video2 ,video3 ,video4, video5
Heart rate ,55.200000 ,56.600000 ,58.600000 ,59.200000, 59.000000
fps_mean ,26.900000 ,27.000000 ,26.600000 ,26.500000, 26.700000
