  ,video1 ,video2 ,video3 ,video4, video5
Heart rate ,98.700000 ,99.100000 ,97.300000 ,96.100000, 96.900000
fps_mean ,27.200000 ,27.100000 ,26.900000 ,26.900000, 26.800000
