  ,video1 ,video2 ,video3 ,video4, video5
Heart rate ,94.000000 ,94.000000 ,94.000000 ,94.000000, 94.000000
fps_mean ,23.800000 ,23.900000 ,24.000000 ,24.000000, 23.900000
