  ,video1 ,video2 ,video3 ,video4, video5
Heart rate ,105.200000 ,103.200000 ,102.900000 ,102.800000, 102.400000
fps_mean ,26.500000 ,25.900000 ,24.400000 ,22.400000, 22.700000
