  ,video1 ,video2 ,video3 ,video4, video5
Heart rate ,129.300000 ,127.600000 ,127.600000 ,128.700000, 129.400000
fps_mean ,17.200000 ,17.100000 ,17.000000 ,17.100000, 17.200000
