  ,video1 ,video2 ,video3 ,video4, video5
Heart rate ,69.000000 ,69.000000 ,69.000000 ,69.000000, 69.000000
fps_mean ,27.000000 ,26.800000 ,27.000000 ,26.900000, 26.400000
