  ,video1 ,video2 ,video3 ,video4, video5
Heart rate ,96.000000 ,96.300000 ,96.500000 ,97.000000, 97.800000
fps_mean ,26.700000 ,26.600000 ,26.100000 ,26.100000, 26.100000
