  ,video1 ,video2 ,video3 ,video4, video5
Heart rate ,80.700000 ,80.000000 ,80.000000 ,81.300000, 85.900000
fps_mean ,27.000000 ,27.100000 ,27.100000 ,26.700000, 26.400000
