  ,video1 ,video2 ,video3 ,video4, video5
Heart rate ,104.800000 ,105.100000 ,105.600000 ,106.000000, 106.000000
fps_mean ,26.800000 ,27.000000 ,26.500000 ,26.200000, 26.300000
