  ,video1 ,video2 ,video3 ,video4, video5
Heart rate ,66.900000 ,67.500000 ,66.900000 ,66.100000, 67.300000
fps_mean ,27.100000 ,26.900000 ,26.800000 ,27.100000, 26.700000
