  ,video1 ,video2 ,video3 ,video4, video5
Heart rate ,73.800000 ,74.000000 ,74.000000 ,74.000000, 74.000000
fps_mean ,25.900000 ,26.000000 ,26.400000 ,26.700000, 26.100000
