  ,video1 ,video2 ,video3 ,video4, video5
Heart rate ,101.300000 ,101.100000 ,101.000000 ,100.400000, 99.800000
fps_mean ,26.900000 ,27.200000 ,27.100000 ,27.000000, 26.700000
