  ,video1 ,video2 ,video3 ,video4, video5
Heart rate ,99.800000 ,101.300000 ,101.900000 ,101.400000, 101.100000
fps_mean ,26.600000 ,26.700000 ,27.000000 ,26.600000, 26.600000
