  ,video1 ,video2 ,video3 ,video4, video5
Heart rate ,81.100000 ,82.700000 ,84.800000 ,87.200000, 88.200000
fps_mean ,24.800000 ,24.600000 ,22.800000 ,21.200000, 19.200000
