  ,video1 ,video2 ,video3 ,video4, video5
Heart rate ,105.600000 ,104.200000 ,101.200000 ,98.400000, 97.000000
fps_mean ,27.000000 ,27.000000 ,27.000000 ,26.900000, 26.700000
