  ,video1 ,video2 ,video3 ,video4, video5
Heart rate ,100.400000 ,101.000000 ,101.600000 ,103.600000, 106.500000
fps_mean ,26.300000 ,25.700000 ,24.600000 ,21.900000, 21.300000
