  ,video1 ,video2 ,video3 ,video4, video5
Heart rate ,66.500000 ,67.000000 ,67.000000 ,67.500000, 68.400000
fps_mean ,24.100000 ,24.100000 ,23.700000 ,23.500000, 23.900000
