  ,video1 ,video2 ,video3 ,video4, video5
Heart rate ,69.600000 ,70.600000 ,71.500000 ,71.500000, 70.900000
fps_mean ,26.800000 ,26.800000 ,26.700000 ,26.800000, 26.800000
